Topic,Count,Name,Representation,Representative_Docs
-1,475,-1_use smartthings_detects_automatically turn_run homeseer event,"['use smartthings', 'detects', 'automatically turn', 'run homeseer event', 'blink lights', 'blink lights philips', 'blink', 'auto', 'event nest', 'homeseer event']","[""When Button press from Button widget, do Start Cool Mode using tado Air Conditioning. Boost air conditioning to __ Ã\x83Â\x83Ã\x82Â\x82Ã\x83Â\x82Ã\x82Â°. Want to give your air conditioning a quick boost? Now it's just a tap away."", ""When Button press from Button widget, do Start Fan Mode using tado Air Conditioning. Start your AC's fan mode. This will activate your AC's fan modeEnjoy!"", ""When Button press from Button widget, do Start Heat Mode using tado Air Conditioning. Boost AC heating to ___Ã\x83Â\x83Ã\x82Â\x82Ã\x83Â\x82Ã\x82Â°. Want to give your air conditioning a quick heating boost? Now it's just a tap away.""]"
0,160,0_presence detected smartthings_detected smartthings_alarm activated_turn automatically,"['presence detected smartthings', 'detected smartthings', 'alarm activated', 'turn automatically', 'smartthings turn', 'notifications', 'alerts', 'alert', 'smartthings', 'sensor']","['When Opened from SmartThings, do Start recording using Oco Camera. Start record video if door opened. Applet starts record video from Oco camera if your SmatThings multipurpose Sensor opened', 'When Opened from SmartThings, do Start recording using Oco Camera. Start recording video when someone opens the door. Oco camera starts to record video when someone opens the door equipped with SmartThings multipurpose sensor', ""When Button press from Button widget, do Start recording using Manything. Begin recording security footage. If you hear something suspicious or know that there's something you'll want to record, you can use this Recipe to have one of your cameras start recordingWant to stop recording? Try this Recipe: www.ifttt.com/recipes/252455""]"
1,157,1_use wink_set ecobee_automatic_turn device,"['use wink', 'set ecobee', 'automatic', 'turn device', 'ecobee', 'ecobee sleep', 'transition ecobee', 'automatic classic', 'enabled', 'pulse']","['When New daily movement logged from UP by Jawbone, do Quick add event using Google Calendar. Step Motivation. text/email a buddy(s) when you hit your step goal for the day.', 'When Sleep goal achieved from UP by Jawbone, do Quick add event using Google Calendar. If Sleep target achieved, then log an event in Google calendar. When you sleep target is achieved on UP, log an event on your google calendarYou will get to look at your sleep successes alone!', 'When Daily step goal achieved from Fitbit, do Quick add event using Google Calendar. If step goal is achieved, log in Google Calendar. This Applet will log what days you have achieved your predetermined step goal.']"
2,153,2_automatically turn_philips hue turn_turn switch_change light,"['automatically turn', 'philips hue turn', 'turn switch', 'change light', 'philips hue lights', 'turn lights philips', 'turn light', 'applet turn', 'hue turn', 'relay']","['When Sunset from Weather Underground, do Power on device using Energenie Mi|Home. Switch your Mi|Home adapter ON everyday at sunset. The socket will switch on at sunset each day', 'When Sunset from Weather Underground, do Turn on lights using Philips Hue. Turn on lights at sunset. Turn on the lights when the sun goes down', ""When Sunset from Weather Underground, do Turn on lights using Philips Hue. If it's ALMOST sunset then turn on the lights. It's too dark when the sun already has set innit :-)""]"
3,150,3_change light_turn light_lamp_blink lights philips,"['change light', 'turn light', 'lamp', 'blink lights philips', 'color philips hue', 'change light color', 'blink lights', 'change color philips', 'turn red', 'blink']","['When Current condition changes to from Weather Underground, do Call a function using Particle. Turn ""take umbrella"" warning light off if weather changes to ""clear"". This is one in 4 Applets used to turn two warning lights over my coat rack on or off based on the weatherTwo Applets turn on, or off, a light based on temperatureThe other two turn on, or off, a light based on rainfall or clear skyWeather info from weather.com service is used to call a function on a Particle Photon that lights the warning lightsYou have to select the ""digitalWrite"" function on your Photon below and make sure that the lamp is connected to pin D0 (or other that you indicate in the action, below).', 'When Current condition changes to from Weather Underground, do Call a function using Particle. Turn ""take umbrella"" warning light on if weather changes to ""rain"". This is one in 6 Applets used to turn two warning lights over my coat rack on or off based on the weatherTwo Applets turn on, or off, a light based on temperatureThe other two turn on, or off, a light based on rainfall or clear skyWeather info from weather.com service is used to call a function on a Particle Photon that lights the warning lightsYou have to select the ""digitalWrite"" function on your Photon below and make sure that the lamp is connected to pin D0 (or other that you indicate in the action, below).', 'When Current condition changes to from Weather Underground, do Call a function using Particle. Turn ""take umbrella"" warning light on if weather changes to ""snow"". This is one in 6 Applets used to turn two warning lights over my coat rack on or off based on the weatherTwo Applets turn on, or off, a light based on temperatureThe other two turn on, or off, a light based on rainfall or clear skyWeather info from weather.com service is used to call a function on a Particle Photon that lights the warning lightsYou have to select the ""digitalWrite"" function on your Photon below and make sure that the lamp is connected to pin D0 (or other that you indicate in the action, below).']"
4,148,4_turn heater_insight switch_turn ac_plug turn,"['turn heater', 'insight switch', 'turn ac', 'plug turn', 'turn wemo switch', 'heater', 'wemo insight switch', 'turn link', 'turn link plug', 'air conditioner']","['When Current temperature drops below from Weather Underground, do Turn on using WeMo Smart Plug. Turn on heater. Choose the weather channel in your city', 'When Current temperature rises above from Weather Underground, do Turn on using WeMo Insight Switch. Turn on the AC if it is too hot.. Turns on a window AC unit controlled by a WeMo Insight if the outside temperature gets too warm Keeps the kitty cool.', ""When Current temperature drops below from Weather Underground, do Turn off using WeMo Smart Plug. Turn Off AC When it's Cold Outside. If you have an air conditioner plugged into a Wemo switch, it will automatically turn off when the outside temperature goes below a threshold.""]"
5,137,5_set thermostat_add event google_ecobee_event starts google,"['set thermostat', 'add event google', 'ecobee', 'event starts google', 'scheduled', 'event google', 'add event', 'thermostat set thermostat', 'starts google', 'set temperature']","['When Event from search starts from Google Calendar, do Set oven to sabbath mode using GE Appliances Cooking. Turn on Sabbath mode using Google Calendar. Set a ""Sabbath Starts"" event on your calendar to automatically turn on Sabbath mode on your GE Appliances Oven', 'When Event from search starts from Google Calendar, do Turn off oven using GE Appliances Cooking. Turn off your oven using a Calendar event. Set a ""turn off oven"" event on your calendar to schedule turning off your GE Appliances Oven', 'When Event from search starts from Google Calendar, do Set vacation mode using GE Appliances GeoSpring. Put your water heater into vacation mode using Google Calendar events.. This recipe will put your water heater into vacation mode when any calendar events with the word ""vacation"" begin.']"
6,111,6_start activity harmony_activity harmony turn_activity harmony_start activity,"['start activity harmony', 'activity harmony turn', 'activity harmony', 'start activity', 'harmony turn', 'harmony', 'turn philips hue', 'turn tv', 'sound link siren', 'link siren']","['When Any new motion from WeMo Motion, do Turn lights on using LIFX. Turn on your lights when new motion is detected. This Recipe will turn your Lifx lights on whenever your WeMo motion detects motion.', 'When Motion detected from D-Link Motion Sensor, do Turn on color loop using Philips Hue. If motion detected by D-Link Motion Sensor , then color loop All lights.. If motion detected by D-Link Motion Sensor , then color loop All lights.', 'When Motion detected from D-Link Motion Sensor, do Turn on color loop using Philips Hue. If motion detected by D-Link Motion Sensor , then color loop All lights.. If motion detected by D-Link Motion Sensor , then color loop All lights.']"
7,108,7_siren_alarm turn_motion sensor_alarm change,"['siren', 'alarm turn', 'motion sensor', 'alarm change', 'location start', 'alarm turns', 'profile transition ecobee', 'alert', 'setting', 'area location start']","['When First family member arrives at a specific place from Life360, do Disarm all modes using Scout Alarm. Disarm Scout Alarm when first family member arrives to a place. Family geofence disarming for Scout Alarm using Life360.', 'When Switched on from SmartThings, do Arm using Arlo. Arm Arlo via Smartthings Mode. You need to create a virtual switch in SmartThings (https://community.smartthings.com/t/faq-creating-a-virtual-device/11282)Don\'t forget to reconnect ST channel in IFTTT after creating the virtual switch to see new virtual switch in IFTTT.Then turn this switch on in your ST routines (e.g""Away"" -> ON)For disarm recipe: https://ifttt.com/recipes/437163-disarm-arlo-via-smartthings-mode', 'When First family member arrives at a specific place from Life360, do Disarm the security panel using HomeControl Flex. Disarm security system when first person arrives home. The first person to arrive home will trigger the security system to disarm based on the geographic location of that persons phone.']"
8,96,8_amazon alexa start_alexa start_tell alexa turn_phrase amazon alexa,"['amazon alexa start', 'alexa start', 'tell alexa turn', 'phrase amazon alexa', 'alexa turn', 'amazon alexa', 'alexa say phrase', 'say alexa', 'use alexa', 'alexa say']","['When Say a specific phrase from Amazon Alexa, do Start activity using Harmony. Watch TV. Amazon Echo instructs Harmony to select the watch TV activity.', 'When Say a specific phrase from Amazon Alexa, do Start activity using Harmony. turn off tv. turn off tv', 'When Say a specific phrase from Amazon Alexa, do Start activity using Harmony. Echo in Harmony. Use Amazon Echo to turn on your TV']"
9,86,9_philips hue turn_automatically turn_activate scene_switch automatically,"['philips hue turn', 'automatically turn', 'activate scene', 'switch automatically', 'turn hue lights', 'turn exit', 'leave turn', 'turn hue', 'turn leave', 'turn lights philips']","['When You exit an area from Location, do Turn off lights using Philips Hue. Turn Hue lights off when I leave. Turn lights out at 12612', 'When You exit an area from Location, do Turn off lights using Philips Hue. Turn off your lights when you leave home. Your Philips Hue lights will turn off when your Android device exits a defined area.', 'When You exit an area from Location, do Turn off lights using Philips Hue. Turn off your lights when you leave home. Your Philips Hue lights will turn off when your Android device exits a defined area.']"
10,86,10_press wink relay_wink relay_button press wink_insight switch turn,"['press wink relay', 'wink relay', 'button press wink', 'insight switch turn', 'turn hue lights', 'insight switch', 'turn hue', 'press wink', 'switch turn', 'relay']","['When Long press from WeMo Light Switch, do Toggle on/off using WeMo Insight Switch. Long Press WeMo Switch Toggles On/Off All WeMo Insight Plugs. I use this recipe to toggle my plug-in lighting throughout my home.', 'When Long press from WeMo Light Switch, do Toggle on/off using WeMo Insight Switch. if #longpress Wemo Light Switch, then toggle Wemo insight switch. Applet to control a wemo insight switch via the longpress feature on wemo light switch.', 'When Long press from WeMo Light Switch, do Turn off using WeMo Insight Switch. Turn off all Insight switches with a long press. Turn off all Insight switches with a long press']"
11,86,11_phrase amazon alexa_amazon alexa_use alexa_list amazon alexa,"['phrase amazon alexa', 'amazon alexa', 'use alexa', 'list amazon alexa', 'echo alexa', 'say alexa', 'tell alexa', 'alexa', 'amazon alexa set', 'alexa set']","['When Say a specific phrase from Amazon Alexa, do Set temperature for a period of time using Honeywell Total Connect Comfort. Alexa setting a Honeywell cooling to 70 for three hours. Sets AC to 70 degrees for three hours', 'When Say a specific phrase from Amazon Alexa, do Set temperature for a period of time using Honeywell Total Connect Comfort. Alexa to trigger Honeywell A.C. to 72Sets Honeywell A.Cto 70 degrees for 2 hours', 'When Say a specific phrase from Amazon Alexa, do Set temperature for a period of time using Honeywell Total Connect Comfort. Alexa Temporarily Turn heat to 74. Honeywell user, downstairs heat turns up to 74F degrees for 3 hours.']"
12,85,12_phrase amazon alexa_amazon alexa_say alexa_alexa,"['phrase amazon alexa', 'amazon alexa', 'say alexa', 'alexa', 'hue say alexa', 'say phrase amazon', 'voice activation', 'philips hue say', 'phrase amazon', 'voice command']","['When Say a specific phrase from Amazon Alexa, do Change to random color using Philips Hue. If You say ""Alexa trigger i feel lucky"", then change to random color on lights. For bundled voice-activation recipes, including other voice products and services, visit www.saymosaic.com', 'When Say a specific phrase from Amazon Alexa, do Change color of lights using LIFX. If You say ""Alexa trigger normal lighting"", then change to warm white color at 100% brightness. For bundled voice-activation recipes, including other voice products and services, visit www.saymosaic.com', 'When Say a specific phrase from Amazon Alexa, do Change color using Philips Hue. If You say ""Alexa trigger stop fancy colors"", then change color on lights. For bundled voice-activation Applets, including other voice products and services, visit www.saymosaic.com']"
13,83,13_start program_automatic_start zone_manual,"['start program', 'automatic', 'start zone', 'manual', 'underground start', 'quick honeywell evohome', 'honeywell evohome', 'quick honeywell', 'enable', 'honeywell']","['When Current temperature rises above from Weather Underground, do Enable a quick action using Honeywell evohome. No need for heating. Above 19 degrees outside, turn of heating', 'When Current temperature rises above from Weather Underground, do Set temperature using Nest Thermostat. Temp above 85 set Nest to 70. If outside temperature rises above 85F set Nest to 70F', 'When Current temperature rises above from Weather Underground, do Set temperature using Nest Thermostat. Cool Down. Set NEST AC to 77 if outside temp rises about 77']"
14,83,14_switch appliance_devices things_applet let_blink light,"['switch appliance', 'devices things', 'applet let', 'blink light', 'blink', 'add event google', 'anythings discover best', 'coffee machine', 'withings turn', 'message']","['When Body Scale - New measurement from Withings, do Log your weight using Misfit. Withings Weight to Misfit. Body Scale and Misfit App', 'When Body Scale - New measurement from Withings, do Log your weight using Misfit. Withing Weight to Misfit. Withings weight to misfit weight automatically.', 'When Body Scale - New measurement from Withings, do Log your weight using Misfit. Log your weight in Misfit via Withings Body Scale (in Kg). Log your weight in Kg in Misfit via Withings Body Scale']"
15,73,15_phrase google assistant_alarm activated_activate wink_google assistant,"['phrase google assistant', 'alarm activated', 'activate wink', 'google assistant', 'use wink', 'activate shortcut wink', 'phrase google', 'simple phrase google', 'activate wink shortcut', 'motion detected']","[""When You enter an area from Location, do Activate shortcut using Wink: Shortcuts. When iPhone senses you're home, turn on lights. When your iPhone senses you are home, trigger Wink to turn on your lightsTips: 1) Use Wink compatible lights2) Use the Wink HUB to allow your smart products to work together3) Create a Shortcut in the Wink App to turn on lights, then use IFTTT to trigger this shortcut when your iPhone senses you are home."", 'When You enter an area from Location, do Activate shortcut using Wink: Shortcuts. When Android senses your home, turn on lights. When your Android phone senses you are home, trigger Wink to turn on your lights. Tips: 1) Use Wink compatible lights. 2) Use the Wink HUB to allow your smart products to work together. 3) Create a Shortcut in the Wink App to turn on lights, then use IFTTT to trigger this shortcut when your Android phone senses you are home.', 'When You enter an area from Location, do Activate shortcut using Wink: Shortcuts. When Android senses your home, turn on lights. When your Android phone senses you are home, trigger Wink to turn on your lightsTips: 1) Use Wink compatible lights2) Use the Wink HUB to allow your smart products to work together3) Create a Shortcut in the Wink App to turn on lights, then use IFTTT to trigger this shortcut when your Android phone senses you are home.']"
16,71,16_philips hue automatically_presence sensor_automatically set_automatically turn,"['philips hue automatically', 'presence sensor', 'automatically set', 'automatically turn', 'hue automatically', 'sensors', 'hue lights turn', 'auto', 'lights automatically', 'honeywell evohome']","['When Nest set to Away from Nest Thermostat, do Turn off using WeMo Smart Plug. IF NEST SET TO AWAY THEN TURN OFF WEMO SWITCH. IF NEST SET TO AWAY THEN TURN OFF WEMO SWITCH', 'When Nest set to Away from Nest Thermostat, do Turn off using WeMo Smart Plug. If Nest thermostat set to away then turn off wemo switch. Get your Nest thermostat to turn off a wemo switch when away mode is enabled.', 'When Nest set to Away from Nest Thermostat, do Turn off using WeMo Smart Plug. If Nest thermostat set to away then turn off wemo switch. Get your Nest thermostat to turn off a wemo switch when away mode is enabled.']"
17,70,17_switch smartthings turn_switch smartthings_heater_time toggle,"['switch smartthings turn', 'switch smartthings', 'heater', 'time toggle', 'water heater', 'wake', 'turn device', 'turn smartthings', 'smartthings turn', 'lamp']","['When Every day of the week at from Date & Time, do Turn off using WeMo Smart Plug. Turn on cat feeder at specific times. I use this coupled with a Super Feeder to feed the cats on time on the weekends', ""When Every day of the week at from Date & Time, do Turn on using WeMo Smart Plug. Turn Wemo 1 on when it's 8:00pm Wednesdays. Turn Wemo 1 on when it's 8:15pm on Sundays and Wednesdays"", 'When Every day of the week at from Date & Time, do Turn off using WeMo Smart Plug. Turn off at feeder at specific times. This is for turning off a Super Feeder at a specific time']"
18,69,18_loop philips hue_set time_philips hue change_set light,"['loop philips hue', 'set time', 'philips hue change', 'set light', 'philips hue hue', 'philips hue turn', 'alarm clock', 'change hue', 'color philips hue', 'time set']","['When Every year on from Date & Time, do Change color from image using Philips Hue. Celebrate Swedish National Day with your Hue lights!. Change your Hue lights to match the colours of the Swedish flag on 6 June each year.Swedish National Day commemorates the election of King Gustav Vasa in 1523This event is considered the foundation of modern Sweden.', 'When Every year on from Date & Time, do Change color from image using Philips Hue. Viva Espana! Celebrate Spanish National Day with your Hue lights.. Change your Hue lights to match the colours of the Spanish flag on 12 October each year.The National Day of Spain commemorates the exact date when Christopher Columbus first set foot in the Americas.', 'When Every year on from Date & Time, do Change color from image using Philips Hue. Celebrate Italian Republic Day with your Hue lights!. Change your Hue lights to match the colours of the Italian flag on 2 June each year']"
19,67,19_alexa alarm_amazon alexa turn_phrase amazon alexa_amazon alexa,"['alexa alarm', 'amazon alexa turn', 'phrase amazon alexa', 'amazon alexa', 'alexa turn lights', 'say alexa', 'goes amazon alexa', 'say alexa turn', 'alexa', 'alexa turn']","['When Say a specific phrase from Amazon Alexa, do Turn on lights using Philips Hue. If You say ""Alexa trigger I am home"", then turn on lights#i_am_home. For bundled voice-activation recipes, including other voice products and services, visit www.saymosaic.com', 'When Say a specific phrase from Amazon Alexa, do Turn on lights using Philips Hue. If You say ""Alexa trigger I am home"", then turn on lights#i_am_home. For bundled voice-activation recipes, including other voice products and services, visit www.saymosaic.com', 'When Say a specific phrase from Amazon Alexa, do Turn lights off using LIFX. If You say ""Alexa trigger lights off"", then turn lights off. For bundled voice-activation recipes, including other voice products and services, visit www.saymosaic.com']"
20,66,20_leave set_leave automatically_set location_insight switch,"['leave set', 'leave automatically', 'set location', 'insight switch', 'manually', 'appliances', 'insight switch turn', 'wemo insight switch', 'toggle wemo plug', 'turn living room']","['When You exit an area from Location, do Turn off using WeMo Insight Switch. Turn off belkin wemo insight switch when leaving an area. Select area and wemo switch, then when you leave the area, the switch turns off, in case you forgot to do it manually ;)', 'When You exit an area from Location, do Turn off using WeMo Insight Switch. Turn Off WeMo Insight Switch when I leave an area. e.g. it turns off when you leave for work', 'When You exit an area from Location, do Turn off using WeMo Insight Switch. Turn Off WeMo Insight Switch when I leave an area. e.git turns off when you leave for work']"
21,59,21_turn philips hue_loop philips hue_philips hue turn_set location,"['turn philips hue', 'loop philips hue', 'philips hue turn', 'set location', 'automatic', 'philips hue blink', 'turned automatic', 'turn hue light', 'philips hue light', 'philips hue lights']","['When Ignition turned on in area from Automatic Classic, do Blink lights using Philips Hue. Blink my house lights when I leave work. Let everyone know you are on your way home.', 'When Ignition turned on in area from Automatic Classic, do Blink lights using Philips Hue. Blink my house lights when I leave work. Let everyone know you are on your way home.', 'When Ignition turned off in area from Automatic Classic, do Turn on color loop using Philips Hue. Turn off the car, turn on the lights. Make a great entrance or announce you just arrived home in style']"
22,59,22_activate scene_wink relay_siren_use applet,"['activate scene', 'wink relay', 'siren', 'use applet', 'device homeseer', 'relay', 'ready', 'activate scene almond', 'homecontrol', 'completed']","['When Button press from Button widget, do Arm system using Home8. Arm Home8. This recipe arms your Home8 system.', 'When Button press from Button widget, do Arm system using Home8. Arm MivaLife. This Applet arms your MivaLife system.', 'When Button press from Button widget, do Arm system using Home8. Arm. This recipe arms your Home8 system']"
23,57,23_alexa turn lights_say alexa lights_alexa lights_lights alexa,"['alexa turn lights', 'say alexa lights', 'alexa lights', 'lights alexa', 'amazon alexa turn', 'say alexa turn', 'phrase amazon alexa', 'alexa turn', 'alexa say phrase', 'alexa alarm']","['When Say a specific phrase from Amazon Alexa, do Turn off lights using Philips Hue. Alexa Trigger Lights Off. If You say ""Alexa trigger lights off"", then turn off All lights', 'When Say a specific phrase from Amazon Alexa, do Turn off lights using Philips Hue. Make Alexa turn all Hue lights off. Say ""Alexa trigger lights off""', 'When Say a specific phrase from Amazon Alexa, do Turn off lights using Philips Hue. Make Alexa turn all Hue lights off. Say ""Alexa trigger lights off""']"
24,56,24_phrase google assistant_shut_phrase google_triggering,"['phrase google assistant', 'shut', 'phrase google', 'triggering', 'google assistant', 'sensor', 'simple phrase google', 'add event google', 'say simple phrase', 'event google']","['When Wind speed rises above from Weather Underground, do Stop watering using Rachio. Stop Watering if Wind Rises above 20 MPH. This is a must use Recipe for areas were wind is commonIt prevents your neighbor from getting their lawn watered by your system.', 'When Rain detected from Netatmo Weather Station, do Rain delay using Rachio. Stop watering for a day if rainfall is detected. Stops watering on your Rachio sprinkler system for 1 day, if any rainfall is detected', 'When Wind speed rises above from Weather Underground, do Rain delay using Rachio. Windspeed rain delay for Rachio Iro. Set a windspeed that will rain delay your Rachio Iro from watering your lawn during excessively windy days']"
25,51,25_adjust heat setting_change temperature_heat setting_ignition turned,"['adjust heat setting', 'change temperature', 'heat setting', 'ignition turned', 'turn heat', 'period time honeywell', 'turn heating', 'turned area automatic', 'pause', 'adjust heat']","['When You enter an area from iOS Location, do Set temperature range using Nest Thermostat. Set thermostat when you enter area.. Use to set temperature range when entering an area', 'When You exit an area from Location, do Set temperature using Nest Thermostat. Set Nest thermostat temperature when you leave a location (such as work). This Applet uses a location to turn on your Nest thermostat and set to a desired temperature For example, you can start cooling or heating your home based on when you leave work so the temperature is comfortable when you arrive at home.', 'When You enter an area from Location, do Set temperature range using Nest Thermostat. Set thermostat when you enter area.. Use to set temperature range when entering an area']"
26,51,26_applet turn lights_lights choose_turn light emberlight_turn light,"['applet turn lights', 'lights choose', 'turn light emberlight', 'turn light', 'light turn light', 'lights set', 'light emberlight', 'lights turn lights', 'turn lights turn', 'lights make']","['When Last family member leaves a specific place from Life360, do Activate shortcut using Wink: Shortcuts. If last family member leaves, then turn off kitchen lights and set thermostat to away. If last family member leaves Chung Family - Home, then turn off kitchen lights and set thermostat to away', 'When Last family member leaves a specific place from Life360, do Activate shortcut using Wink: Shortcuts. If last family member leaves, then turn off kitchen lights and set thermostat to away. If last family member leaves Chung Family - Home, then turn off kitchen lights and set thermostat to away', 'When First family member arrives at a specific place from Life360, do Resume program using ecobee. When The First Family Member Arrives At Home, Set Thermostat To Resume Schedule. Using Life360, this recipe detects when the first family member arrives back at home, and sets the Ecobee to Resume Normal ScheduleWorks best when paired with a recipe to set Away Mode when all Family members have left home.']"
27,48,27_light alarm_hue blink lights_blink device_blinks,"['light alarm', 'hue blink lights', 'blink device', 'blinks', 'alarm triggered', 'notification lametric time', 'blink device greenwave', 'philips hue lights', 'phillips hue lights', 'turn philips hue']","['When Smoke alarm emergency from Nest Protect, do Turn on using WeMo Smart Plug. Smoke Emergency Light Switch. If Nest Protect detects emergency levels of smoke, WEMO switches will turn on', 'When Smoke alarm emergency from Nest Protect, do Take a Snapshot and Email It using SpotCam HD. If your Nest Protect raise a smoke emergency alarm then your SpotCam take a snapshot. If your Nest Protect raise a smoke emergency alarm  then your SpotCam take a snapshot', 'When Smoke alarm emergency from Nest Protect, do Turn on lights using Philips Hue. Hallway Nest Protect. Hallway Nest Protect turns on all lights if smoke emergency']"
28,47,28_control lights_time activate_activated_led,"['control lights', 'time activate', 'activated', 'led', 'rise shine', 'location activate', 'underground activate', 'alarm clock', 'detect', 'switch use']","[""When You exit an area from Location, do Set Output Level using littleBits. If I EXIT Zone 1, then change my cloudBit's output to 0% voltage.. Make an honest ETA device with littleBits that lets your housemate [parent, significant other, roommate] know when you are on the way home and likely to arriveThis cloud-connected progress meter tracks your proximity to home by reading your location from your smartphone and displaying it on a bargraph module in your houseIf arriving home first, you can text your housemate with the press of a button to let him/her know that you got home first."", ""When You exit an area from Location, do Set Output Level using littleBits. If I EXIT Zone 5 [home], then change my cloudBit's output to 80% voltage.. Make an honest ETA device with littleBits that lets your housemate [parent, significant other, roommate] know when you are on the way home and likely to arriveThis cloud-connected progress meter tracks your proximity to home by reading your location from your smartphone and displaying it on a bargraph module in your house If arriving home first, you can text your housemate with the press of a button to let him/her know that you got home first."", ""When You exit an area from Location, do Set Output Level using littleBits. If I EXIT Zone 2, then change my cloudBit's output to 20% voltage.. Make an honest ETA device with littleBits that lets your housemate [parent, significant other, roommate] know when you are on the way home and likely to arriveThis cloud-connected progress meter tracks your proximity to home by reading your location from your smartphone and displaying it on a bargraph module in your houseIf arriving home first, you can text your housemate with the press of a button to let him/her know that you got home first.""]"
29,46,29_amazon alexa turn_phrase amazon alexa_amazon echo alexa_alexa say phrase,"['amazon alexa turn', 'phrase amazon alexa', 'amazon echo alexa', 'alexa say phrase', 'list amazon alexa', 'say alexa turn', 'amazon alexa', 'alexa turn', 'say alexa', 'alexa say']","['When Say a specific phrase from Amazon Alexa, do Turn off using WeMo Lighting. Turn off Light. Turn Wemo Light on with Amazon Echo by writing a name for your light and selecting the correct light bulb from the list.', 'When Say a specific phrase from Amazon Alexa, do Turn off using WeMo Smart Plug. If You say ""Alexa trigger good night"", then turn off WeMo Switch#goodnight. For bundled voice-activation recipes, including other voice products and services, visit www.saymosaic.com', 'When Say a specific phrase from Amazon Alexa, do Turn off using WeMo Smart Plug. If You say ""Alexa trigger good night"", then turn off WeMo Switch#goodnight. For bundled voice-activation recipes, including other voice products and services, visit www.saymosaic.com']"
30,44,30_set time_automatically turn_turn hue lights_philips hue turn,"['set time', 'automatically turn', 'turn hue lights', 'philips hue turn', 'automatically turn lights', 'turn hue', 'hue turn lights', 'philips hue lights', 'hue lights turn', 'hue turn hue']","['When Every day at from Date & Time, do Turn off lights using Philips Hue. Turn off all Hue lights every day at a selected time. Turn off all Hue lights every day at a selected time', 'When Every day at from Date & Time, do Turn off lights using Philips Hue. Turn off all Hue lights every day at a selected time. Turn off all Hue lights every day at a selected time', 'When Every day at from Date & Time, do Turn off lights using Philips Hue. Turn off all Hue lights every day at a selected time. Turn off all Hue lights every day at a selected time']"
31,44,31_celsius_forecast calls weather_update indicator_calls weather,"['celsius', 'forecast calls weather', 'update indicator', 'calls weather', 'forecast calls', 'tomorrow forecast calls', 'instructions', 'forecast', 'notification', 'car notification']","[""When Today's weather report from Weather Underground, do Send my car a notification using BMW Labs. Weather. today's weather is....."", ""When Today's weather report from Weather Underground, do Send my car a notification using BMW Labs. Weather. At 7:00 AM"", ""When Today's weather report from Weather Underground, do Send my car a notification using BMW Labs. Weather. Weather""]"
32,43,32_temperatures_fahrenheit_celsius_alarm turns,"['temperatures', 'fahrenheit', 'celsius', 'alarm turns', 'weather forecast', 'simple applet', 'forecast', 'weather conditions', 'voice announcement', 'freezing']","[""When Today's weather report from Weather Underground, do Voice announcement using Ubi. Ubi Daily Weather. morning weather report, from your Ubi"", ""When Today's weather report from Weather Underground, do Voice announcement using Ubi. Morning Weather Report. Have Ubi tell me the weather every morning"", ""When Today's weather report from Weather Underground, do Voice announcement using Ubi. Ubi, give me today's weather forecast each day at the same time.. Change the Voice Announcement field to have Ubi tell you what you want to hear.""]"
33,42,33_nest thermostat set_rises nest thermostat_thermostat set_temperature rises nest,"['nest thermostat set', 'rises nest thermostat', 'thermostat set', 'temperature rises nest', 'temps', 'set dial', 'temperature rises', 'low temperature', 'temp', 'temperature current']","[""When Today's weather report from Weather Underground, do Set dial label using Wink: Nimbus. Send weather to Nimbus. Get low, current, and high on your nimbus"", ""When Today's weather report from Weather Underground, do Set dial label using Wink: Nimbus. High/Low/Current temperature displayed on Nimbus. Add this Applet multiple times and change the time to get hourly out more frequent updates on the Nimbus"", ""When Today's weather report from Weather Underground, do Set dial label using Wink: Nimbus. Send Current Temp to Wink: Nimbus. Change the time to your preference and select which display you want.""]"
34,42,34_turn alarm_automatically activate_applet set_set time,"['turn alarm', 'automatically activate', 'applet set', 'set time', 'set time day', 'wake', 'lights automatically', 'change color lights', 'time change color', 'automatically day']","['When Every day of the week at from Date & Time, do Change color of lights using LIFX. LIFX Chill-Out Time. Simple LiFX Applet to set a relaxing mood any time / day of the week.', 'When Every day of the week at from Date & Time, do Turn lights off using LIFX. LIFX PM10:00 fade off on week day. Monday to Thursday LIFX turns off at 10:00pm(Fade off)', 'When Every day of the week at from Date & Time, do Turn lights on using LIFX. If <Picked Day> of the week at <Given Time> then turn LIFX lights on.. Turn on your LIFX lights at a given timePick the light/light group, fade in duration and color.']"
35,40,35_philips hue use_hue use_lights blink_notification,"['philips hue use', 'hue use', 'lights blink', 'notification', 'sensor', 'activated', 'wake', 'turning', 'want lights', 'lights random']","['When Device is unplugged from Android Battery, do Send data to Adafruit IO using Adafruit. Store Battery Info in Adafruit. Make sure you set your feed on Adafruit IO It also works out best if you setup the battery disconnect one as well.', 'When Device is plugged in from Android Battery, do Send data to Adafruit IO using Adafruit. Store Battery Info in Adafruit. Store battery into in io.Adafruit make sure you choose your feedWorks best if you are also running the disconnect as wellPut them both in the same feed and you can see how long you are charging and how long your battery lastsThe ups are charges and the downs are discharging.', 'When Battery drops below 15% from Android Battery, do Send data to Adafruit IO using Adafruit. If android battery is low, then send data to Battery feed. This is useful to track when and how often you let your battery run low on your android phoneThe value sent to the feed is your battery percentage.']"
36,37,36_philips hue turn_hue turn lights_change hue lights_turn hue light,"['philips hue turn', 'hue turn lights', 'change hue lights', 'turn hue light', 'hue turn', 'hue light', 'hue bulb', 'change hue', 'blink lights philips', 'turn light turn']","['When New Motion Detected from Ring, do Blink lights using LIFX. Visual Warning if your Ring doorbell detects motion, LIFX Edition. This recipe alerts you by flashing a LIFX bulb red if your Ring doorbell detects any motion.', 'When New Motion Detected from Ring, do Turn on lights using Philips Hue. Turn on your Hue light when Ring detects motion at your door. Deter burglars and welcome guests automatically by lighting up your house when the Ring video doorbell detects motion.', 'When New Motion Detected from Ring, do Turn on lights using Philips Hue. Turn on your Hue light when Ring detects motion at your door. Deter burglars and welcome guests automatically by lighting up your house when the Ring video doorbell detects motion.']"
37,36,37_hue lights color_lights color loop_lights notify_toggle lights philips,"['hue lights color', 'lights color loop', 'lights notify', 'toggle lights philips', 'turn lights red', 'button turn', 'toggle lights', 'blink lights', 'turn lights stack', 'light switch']","['When Flic is clicked from Flic, do Blink lights using LIFX. Double-click for danger.. If I double click my White flic button it notifies everybody in the house and I need emergency help by flashing every LIFX Like all red 5 times.', 'When Flic is clicked from Flic, do Blink lights using LIFX. Flash all LIFX lightbulbs red.. This recipe is used to call for the help of personal assistants, if I double click the button all of the lights in the house flash red which means there is an emergency and I need immediate assistance I have another recipe for when I just need general help.', 'When Flic is clicked from Flic, do Activate Multiple Room Scene using Hunter Douglas PowerView. Click a Flic to run Hunter Douglas shades in multiple rooms. Choose your Flic click style, then choose any Multiple Room Scene for Hunter Douglas PowerView Shades']"
38,35,38_switch ecobee_automatically activate_switched smartthings_set ecobee,"['switch ecobee', 'automatically activate', 'switched smartthings', 'set ecobee', 'ecobee set', 'smartthings presence', 'transition ecobee', 'setting', 'ecobee', 'hold transition ecobee']","['When You exit an area from Location, do Set comfort profile until next transition using ecobee. Set ecobee away when you leave an area. this statement will check your phone location and if you are outside of a set area your ecobee will be set as away.', 'When You exit an area from Location, do Set comfort profile until next transition using ecobee. Set ecobee away when you leave an area. This statement will allow you to select your comfort level when leaving a set area', ""When You exit an area from Location, do Set comfort profile until next transition using ecobee. Set Ecobee to 'away' when I leave area. Set your ecobee to away when you leave town.""]"
